slug,domain,why
ab-pmjay,health,Ayushman Bharat PM-JAY: free hospitalization up to Rs 5 lakh/yr
hmcpf,health,Health Minister Cancer Patient Fund: financial aid up to Rs 50 lakh
hmdg,health,Health Minister Discretionary Grant: financial aid up to Rs 1.25 lakh
jssk,health,Janani Shishu Suraksha Karyakram: cashless maternal delivery and newborn treatment
nikshay,health,Nikshay Poshan Yojana: Rs 500/month nutritional cash support for TB patients
pmsma,health,PM Surakshit Matritva Abhiyan: free antenatal checkups on 9th of every month
suman,health,Surakshit Matritva Aashwasan: zero cost maternal and newborn healthcare
pmbjp,health,PM Bhartiya Janaushadhi: 50-90% cheaper generic medicines at Jan Aushadhi Kendras
nhis,health,Niramaya Health Insurance: Rs 1 lakh health insurance for developmental disabilities
lws-h,health,Labour Welfare Scheme Health: treatment reimbursement for unorganized mine/beedi workers
asyaph,health,Ayurswasthya Yojana: public health treatment and specialized Ayush health camps
avyay-napsc-hssc,health,Rashtriya Vayoshri Yojana / AVYAY: free assisted living physical aids for senior citizens
pmsfss,education,Post-Matric Scholarship for SC: full fee waiver and maintenance for post-matric study
pre-sc,education,Pre-Matric Scholarship for SC: classes 9-10 educational allowance to curb dropout
pre-st,education,Pre-Matric Scholarship for ST: classes 9-10 financial support for tribal students
csss-cus,education,"PM-USP Central Sector Scholarship: Rs 12,000-20,000/yr for university students"
csspostmsossi,education,Post-Matric Scholarship for OBC: post-matric educational tuition and maintenance support
csspremsobcsi,education,Pre-Matric Scholarship for OBC: classes 9-10 financial assistance for OBC students
nmmss,education,"National Means-cum-Merit Scholarship: Rs 12,000/yr for meritorious poor school students"
bhmnsp,education,Begum Hazrat Mahal National Scholarship: financial support for minority girl students
psgs-deg,education,"AICTE Pragati Scholarship for Girls: Rs 50,000/yr for girls in technical degree courses"
sak-deg,education,"AICTE Saksham Scholarship: Rs 50,000/yr for specially-abled students in degree courses"
tce-sc,education,Top Class Education for SC: full fee plus living allowance for premier institutions like IITs/IIMs
tce-swd,education,Top Class Education for Students with Disabilities: premier higher education funding
nsap-ignoaps,pension,Indira Gandhi Old Age Pension: monthly pension for BPL senior citizens aged 60+
ignwps,pension,Indira Gandhi Widow Pension: monthly pension for BPL widows aged 40-79
igndps,pension,Indira Gandhi Disability Pension: monthly pension for BPL persons with severe disability
apy,pension,"Atal Pension Yojana: guaranteed monthly pension of Rs 1,000-5,000 after age 60"
pmkmdy,pension,"PM Kisan Maandhan Yojana: assured Rs 3,000/month old-age pension for small farmers"
nps-tsep,pension,"NPS for Traders and Self-Employed: Rs 3,000/month pension for small retail shopkeepers"
pm-sym,pension,"PM Shram Yogi Maan-dhan: guaranteed Rs 3,000/month pension for unorganized workers"
eps,pension,Employees Pension Scheme: monthly social security pension under EPFO after retirement
scss,pension,Senior Citizens Savings Scheme: sovereign high interest quarterly income for elders 60+
vpby,pension,Varishtha Pension Bima Yojana: guaranteed 8% pension annuity for senior citizens
sfava,pension,"Financial Assistance for Veteran Artists: up to Rs 6,000/month pension for elderly artists"
rmewf-penury,pension,Financial Assistance for ESM in Penury: monthly grant for indigent veteran soldiers 65+
pmay-g,housing,PM Awaas Yojana Gramin: Rs 1.2-1.3 lakh grant for rural pucca house construction
pmay-u,housing,PM Awas Yojana Urban: up to Rs 2.67 lakh interest subsidy / pucca home for urban poor
clssmig,housing,Credit Linked Subsidy Scheme MIG: home loan interest subsidy for middle income buyers
pmsy,housing,SVAMITVA Yojana: legal property ownership cards for rural abadi homeowners
faishl,housing,Interest Subsidy on Home Loan for Ex-Servicemen: interest rebate on home loans
gghas,housing,Gharaunda Group Home: lifelong assisted living and residential home for disabled adults
smile,housing,Garima Greh Shelter Homes for Transgender Persons: safe residential shelter and food
nswf,housing,National Scheme of Welfare of Fishermen: construction of low-cost housing in fishing villages
pm-janman,housing,PM JANMAN: pucca housing and basic infrastructure for PVTG tribal households
sbm-g-i,housing,"Swachh Bharat Mission Grameen: Rs 12,000 direct cash incentive for household toilet"
sbm-u,housing,Swachh Bharat Mission Urban: financial subsidy for urban individual household latrines
amrut,housing,AMRUT: functional tap water and sewerage infrastructure for urban households
pmmvy,women_children,"PM Matru Vandana Yojana: Rs 5,000-6,000 direct cash incentive for pregnant/lactating mothers"
jsy1,women_children,Janani Suraksha Yojana: direct cash assistance for safe institutional hospital delivery
pmuy2,women_children,PM Ujjwala Yojana 2.0: deposit-free LPG gas connection and free first refill for women
day-nrlm,women_children,DAY-NRLM: rural women Self Help Group bank credit and livelihood support
mssc,women_children,Mahila Samman Savings Certificate: 7.5% fixed interest savings deposit for women and girls
cbssc-msy,women_children,Mahila Samriddhi Yojana: concessional microfinance up to Rs 1.4 lakh at 4% for backward class women
msssgc,women_children,CBSE Single Girl Child Scholarship: monthly financial aid to educate single girl children
sag,women_children,Scheme for Adolescent Girls: nutritional support and life skills for out-of-school girls 11-14
mvcppsacws,women_children,"Mission Vatsalya: monthly financial support of Rs 4,000 for children in foster/kinship care"
deisrs,women_children,Disha Early Intervention: day care and school readiness for disabled children aged 0-10
igndps,disability,Indira Gandhi Disability Pension: monthly pension for persons with 80%+ disability
sadppfaa,disability,"ADIP Scheme: free motorized tricycles, wheelchairs, hearing aids, prosthetics for disabled"
nhis,disability,Niramaya Health Insurance: Rs 1 lakh comprehensive health cover for developmental disabilities
dky,disability,Divyangjan Kaushal Yojana: free vocational skill training with stipend for disabled youth
pre-dis,disability,Pre-Matric Scholarship for Students with Disabilities: school allowance for disabled kids
post-dis,disability,Post-Matric Scholarship for Students with Disabilities: higher education aid for disabled
tce-swd,disability,Top Class Education for Disabled Students: full tuition and living support for top colleges
sak-deg,disability,"AICTE Saksham Scholarship: Rs 50,000/yr scholarship for technical degree students with disability"
srcs,disability,Samarth Respite Care: temporary respite stay relief for families of persons with severe disability
vdcspds,disability,Vikaas Day Care: daytime vocational and life skill training for persons with disabilities
fcfswd,disability,Free Coaching for Students with Disabilities: free competitive exam coaching with monthly stipend
mgnrega,jobs_skills,MGNREGA: statutory 100 days guaranteed wage work per year for rural adult workers
naps,jobs_skills,National Apprenticeship Promotion Scheme: government co-funds apprenticeship stipends
pmkvy-stt,jobs_skills,PM Kaushal Vikas Yojana Short Term Training: free industry-aligned skill certification and jobs
abvky,jobs_skills,Atal Beemit Vyakti Kalyan: unemployment cash compensation up to 50% wages for 90 days
cts-msde,jobs_skills,Craftsmen Training Scheme: ITI vocational trade training for technical industry jobs
avts,jobs_skills,Advanced Vocational Training: advanced modular technical skills for industrial workforce
pmkvy-sp,jobs_skills,PMKVY Special Projects: customized skill training programs for vulnerable populations
ay,jobs_skills,Agnipath Yojana: 4-year defense service employment with Rs 11.7 lakh Seva Nidhi corpus
fcssos,jobs_skills,"Free Coaching for SC and OBC: free exam coaching with Rs 4,000/month stipend"
acabc,jobs_skills,Agri-Clinics and Agri-Business Centres: 45-day paid entrepreneurship training for agri graduates
esdp,jobs_skills,Entrepreneurship and Skill Development Programme: MSME enterprise setup training
pmmy,business_loans,PM Mudra Yojana: collateral-free business loans up to Rs 10-20 lakh for micro/small enterprises
pm-svanidhi,business_loans,"PM SVANidhi: working capital micro-loans Rs 10,000-50,000 with 7% interest subsidy for vendors"
pmegp,business_loans,PMEGP: capital subsidy 15-35% on bank loans up to Rs 50 lakh for starting new businesses
pmv,business_loans,"PM Vishwakarma: collateral-free loan up to Rs 3 lakh at 5% plus Rs 15,000 toolkit voucher for artisans"
cuy,business_loans,Coir Udyami Yojana: 25% project cost subsidy for setting up coir processing enterprises
gbs,business_loans,Green Business Scheme: concessional financing for eco-friendly transport and clean energy ventures
mfs-nmdfc,business_loans,Micro Finance Scheme NMDFC: micro-credit up to Rs 1.5 lakh via SHGs for minority businesses
tls-nmdfc,business_loans,Term Loan Scheme NMDFC: term credit up to Rs 20-30 lakh for individual minority enterprises
asiim,business_loans,Ambedkar Social Innovation Mission: concessional venture financing up to Rs 30 lakh for SC startups
acandabc,business_loans,Agri-Clinics & Agri-Business: 36-44% composite capital subsidy for agri-venture loans
sui,business_loans,"Stand-Up India: bank loans Rs 10 lakh to Rs 1 crore for SC, ST, and women greenfield businesses"
pm-mkssy,fisheries_animals,PM Matsya Kisan Samridhi Sah-Yojana: micro-credit incentives and performance grants for fishers
pmmsy,fisheries_animals,"PM Matsya Sampada Yojana: 40-60% government subsidy for fish ponds, biofloc, boats, hatcheries"
pmmkssy-1b,fisheries_animals,PM-MKSSY Component 1B: insurance premium subventions for aquaculture crop insurance
nswf,fisheries_animals,National Scheme of Welfare of Fishermen: relief during fishing ban periods and fisher housing
eebdsrs,fisheries_animals,Breed Development in Small Ruminant: 50% capital subsidy up to Rs 50 lakh for sheep/goat farms
eebdrp,fisheries_animals,Rural Poultry Entrepreneurship: 50% capital subsidy up to Rs 25 lakh for parent poultry farms
ppe,fisheries_animals,Promotion of Piggery Entrepreneurship: 50% capital subsidy up to Rs 30 lakh for piggery farms
smbdlp,fisheries_animals,Livestock and Poultry Breed Development: assistance for fodder seed production and animal genetics
lhadc,fisheries_animals,Livestock Health & Disease Control: free doorstep livestock vaccination against FMD and brucellosis
ngra,fisheries_animals,National Gopal Ratna Award: national cash awards Rs 2-5 lakh for outstanding dairy farmers
pmsfss,minority_sc_st,Post-Matric Scholarship for SC: complete tuition coverage and living support for SC students
pre-sc,minority_sc_st,Pre-Matric Scholarship for SC: school scholarship to encourage SC children in classes 9-10
pre-st,minority_sc_st,Pre-Matric Scholarship for ST: financial aid to reduce secondary school dropout among tribal kids
bhmnsp,minority_sc_st,Begum Hazrat Mahal National Scholarship: education assistance for girls of minority communities
pm-janman,minority_sc_st,"PM JANMAN: dedicated pucca houses, clean water, power, and road link for PVTG tribes"
fcssos,minority_sc_st,Free Coaching for SCs and OBCs: high quality exam coaching with monthly stipend
mcfnsfdc,minority_sc_st,Micro Credit Finance NSFDC: micro-finance up to Rs 1.4 lakh at 5% interest for SC borrowers
mfs-nmdfc,minority_sc_st,Micro Finance Scheme NMDFC: micro-lending up to Rs 1.5 lakh for minority women and SHGs
tce-sc,minority_sc_st,"Top Class Education for SC: full sponsorship at premier institutes (IITs, IIMs, AIIMS) for SC youth"
csmsu,minority_sc_st,Coaching Schemes for SC/ST/OBC: UGC-sponsored competitive exams and remedial coaching
srms,minority_sc_st,"Rehabilitation of Manual Scavengers: Rs 40,000 cash grant plus up to Rs 5 lakh enterprise subsidy"
seed-ee,minority_sc_st,"SEED for Denotified Nomadic Tribes: health insurance, free coaching, and housing for DNT/NT/SNT"
mgnrega,labour_worker_welfare,MGNREGA: legal right to 100 days wage employment for rural manual worker households
pm-sym,labour_worker_welfare,"PM Shram Yogi Maan-dhan: guaranteed Rs 3,000/month pension for unorganized workers"
aaby,labour_worker_welfare,Aam Aadmi Bima Yojana: subsidized life and disability cover for rural landless families
abvky,labour_worker_welfare,Atal Beemit Vyakti Kalyan: cash unemployment benefit for formal workers covered under ESIC
eps,labour_worker_welfare,Employees Pension Scheme: monthly social security pension under EPFO after retirement/disability
faewbcilw-ppm,labour_worker_welfare,"Education Assistance for Wards of Beedi Workers: annual educational scholarship up to Rs 25,000"
lws-h,labour_worker_welfare,Labour Welfare Scheme Health: financial assistance for specialized medical treatment of workers
gispw,labour_worker_welfare,Group Insurance Scheme for Powerloom Weavers: life and accidental death/disability coverage
cssrbl,labour_worker_welfare,"Rehabilitation of Bonded Labourers: immediate rehabilitation grant of Rs 30,000 to Rs 3 lakh"
pmjjby,labour_worker_welfare,PM Jeevan Jyoti Bima Yojana: Rs 2 lakh life insurance cover for any death at Rs 436/year
pmsby,labour_worker_welfare,PM Suraksha Bima Yojana: Rs 2 lakh accidental insurance cover at Rs 20/year
nhdp-dba-saic,labour_worker_welfare,National Handicrafts Development Programme: welfare cards and direct assistance to artisans
pmuy2,utility_ration,"PM Ujjwala Yojana 2.0: deposit-free clean cooking gas LPG connection, stove, and first cylinder"
pahal-dbtl,utility_ration,PAHAL Direct Benefits Transfer for LPG: direct bank transfer of cooking gas LPG subsidies
onorc,utility_ration,One Nation One Ration Card: nationwide portability for subsidised/free food grains under NFSA
pmsgmb,utility_ration,"PM Surya Ghar Muft Bijli: central subsidy up to Rs 78,000 for rooftop solar, free 300 units/month"
jjm,utility_ration,"Jal Jeevan Mission: safe, adequate functional tap drinking water connection to every rural home"
sbm-g-i,utility_ration,"Swachh Bharat Mission Grameen: Rs 12,000 cash incentive to construct individual household latrine"
sbm-g-ii,utility_ration,Swachh Bharat Mission Grameen II: solid and liquid waste management and ODF plus sustainability
sbm-u,utility_ration,Swachh Bharat Mission Urban: household latrine construction grant for urban informal settlements
pm-poshan,utility_ration,PM POSHAN: free hot cooked midday meal providing nutrition to school children classes 1-8
aby-mojs,utility_ration,Atal Bhujal Yojana: participatory water management to secure drinking water sources
namaste-ersufaf,utility_ration,NAMASTE: mechanised sanitation equipment subsidy and safety gear for sewer/septic tank workers
pm-kisan,farming,"PM Kisan Samman Nidhi: Rs 6,000/yr direct income transfer in 3 instalments to landowning farmers"
kcc,farming,Kisan Credit Card: low-interest crop loan up to Rs 3 lakh at 4% effective interest rate
pmfby,farming,PM Fasal Bima Yojna: comprehensive insurance against crop failure from natural hazards
smam,farming,Sub-mission On Agriculture Mechanization: 40-50% subsidy on tractors and farm machinery
rkvyshfshc,farming,Soil Health Card: scientific soil nutrient status card and dosage recommendations to cut costs
pmkmdy,farming,"PM Kisan Maandhan Yojana: assured Rs 3,000/month pension for small and marginal farmers"
e-nam,farming,National Agriculture Market: pan-India electronic marketplace connecting farmers to wholesale buyers
cpis,farming,Coconut Palm Insurance Scheme: insurance compensation for damage/loss of coconut trees
midh,farming,"Mission on Integrated Development of Horticulture: subsidies for orchards, vegetables, polyhouses"
rad,farming,Rainfed Area Development: integrated crop-livestock-tree farming packages in rainfed areas
acabc,farming,Agri-Clinics and Agri-Business Centres: capital subsidy for custom farm services centres
